[{"codiceDocente":"1","isRuolo":true,"dataIngressoUniversitaDocente":"2023-08-28","dipartimento":"DISIM","qualifica":"Ricercatore","cf":"PPLNTN80A01G273D","nome":"Antonio","cognome":"Ioppolo","email":"antonio.ioppolo@univaq.it","dataNascita":"1980-09-01"},{"codiceDocente":"2","isRuolo":false,"dataIngressoUniversitaDocente":"2024-09-30","dipartimento":"DISIM","qualifica":"Contratto","cf":"STLSVT80A01G482A","nome":"Salvatore","cognome":"Stella","email":"salvatore.stella@univaq.it","dataNascita":"1980-09-01"}]