[{"matricola":"298599","corsoDiLaurea":"3","dataImmatricolazione":"2024-07-17","cf":"SLSMNL05M02G438O","nome":"Emanuele","cognome":"Slusarz","dataNascita":"2005-08-02"},{"matricola":"299000","corsoDiLaurea":"3","dataImmatricolazione":"2024-08-30","cf":"DCLBDT05P53G438U","nome":"Benedetta","cognome":"Di Clemente","dataNascita":"2005-09-13"},{"matricola":"299207","corsoDiLaurea":"3","dataImmatricolazione":"2024-08-26","cf":"PTRFNC05P13C632V","nome":"Francesco","cognome":"Patricelli","dataNascita":"2005-09-13"},{"matricola":"300001","corsoDiLaurea":"4","dataImmatricolazione":"2024-08-13","cf":"PRDVNT05D10G482A","nome":"Valentina","cognome":"Pierdomenico","dataNascita":"2005-04-10"}]